Workbook

Sheet ccdh orden
B4: M 440-460 | C4: M 460-490 | D4: M 490+ | E4: C 440-460 | F4: C 460-490 | G4: C 490+ | H4: Overo Negro | I4: Ternero Mestizo INVERNADA (160 - 180 kg) | J4: Ternera Cruza (160 - 180 g) | K4: Indice NOV | L4: Indice Ternero Campo | M4: Vaca Corte (vaca Unión Europea) | N4: Vaca Manuf | O4: Vaca Conserva
A5: 46024 | B5: 7000 | C5: 7800 | D5: 7800 | E5: 6800 | F5: 7600 | G5: 7600 | H5: 7200 | I5: 6000 | J5: 5000 | K5: 7295 | L5: 5162.5 | M5: 6500 | N5: 5400 | O5: 5000
A6: 46031 | B6: 7000 | C6: 7800 | D6: 7800 | E6: 6800 | F6: 7600 | G6: 7600 | H6: 7200 | I6: 6000 | J6: 5000 | K6: 7305 | L6: 5162.5 | M6: 6500 | N6: 5500 | O6: 5200
A7: 46038 | B7: 7000 | C7: 7800 | D7: 7800 | E7: 6800 | F7: 7600 | G7: 7600 | H7: 7200 | I7: 5600 | J7: 4800 | K7: 7305 | L7: 4975 | M7: 6500 | N7: 5500 | O7: 5200
A8: 46045 | B8: 7000 | C8: 7900 | D8: 7900 | E8: 6800 | F8: 7700 | G8: 7700 | H8: 7300 | I8: 5600 | J8: 4800 | K8: 7375 | L8: 4975 | M8: 6700 | N8: 5500 | O8: 5200
A9: 46052 | B9: 7400 | C9: 8150 | D9: 8150 | E9: 7200 | F9: 8000 | G9: 8000 | H9: 7600 | I9: 5600 | J9: 4800 | K9: 7650 | L9: 4975 | M9: 6700 | N9: 5600 | O9: 5300
A10: 46059 | B10: 7300 | C10: 8250 | D10: 8250 | E10: 7000 | F10: 8100 | G10: 8100 | H10: 7700 | I10: 5800 | J10: 5000 | K10: 7615 | L10: 5175 | M10: 6800 | N10: 5600 | O10: 5300
A11: 46066 | B11: 7800 | C11: 8350 | D11: 8350 | E11: 7100 | F11: 8200 | G11: 8200 | H11: 7800 | I11: 6100 | J11: 5500 | K11: 7850 | L11: 5600 | M11: 6300 | N11: 5600 | O11: 5300
A12: 46073 | B12: 8000 | C12: 8300 | D12: 8300 | E12: 8000 | F12: 8100 | G12: 8100 | H12: 7800 | I12: 6100 | J12: 5800 | K12: 8155 | L12: 5900 | M12: 6800 | N12: 5600 | O12: 5400
A13: 46080 | B13: 8000 | C13: 8400 | D13: 8400 | E13: 8000 | F13: 8300 | G13: 8300 | H13: 8000 | I13: 6200 | J13: 5500 | K13: 8215 | L13: 6050 | M13: 6800 | N13: 5600 | O13: 5400
A14: 46087 | B14: 8100 | C14: 8400 | D14: 8400 | E14: 8100 | F14: 8200 | G14: 8200 | H14: 8000 | I14: 6600 | J14: 6000 | K14: 8240 | L14: 6050 | M14: 6800 | N14: 6000 | O14: 5800
A15: 46094 | B15: 8100 | C15: 8400 | D15: 8400 | E15: 8100 | F15: 8200 | G15: 8200 | H15: 8000 | I15: 6800 | J15: 6000 | K15: 8240 | L15: 6050 | M15: 6800 | N15: 5800 | O15: 5500
A16: 46101 | B16: 8200 | C16: 8200 | D16: 8200 | E16: 8100 | F16: 8000 | G16: 8000 | H16: 7800 | I16: 6800 | J16: 6000 | K16: 8170 | L16: 6150 | M16: 6800 | N16: 5800 | O16: 5800
... A21: 46136 | B21: 8300 | C21: 8200 | D21: 8200 | E21: 8200 | F21: 8000 | G21: 8000 | H21: 7700 | I21: 6600 | J21: 6200 | K21: 8095 | L21: 6175 | M21: 6900 | N21: 5600 | O21: 5300
A22: 46143
A23: 46150
A24: 46157
A25: 46164
A27: agregar precios internacionales de mdo agroganadero
A30: Marzo | B30: Semana 1 | C30: Semana 2 | D30: Semana 3 | E30: Semana 4
A31: NOVILLITOS EyB P. 391/430 | B31: 4848 | C31: 4709 | D31: 4649 | E31: 4572
A32: NOVILLOS Mest.EyB 431/460 | B32: 4670 | C32: 4699 | D32: 4620 | E32: 4542
A33: NOVILLOS Mest.EyB 461/490 | B33: 4683 | C33: 4608 | D33: 4694 | E33: 4429
A34: NOVILLOS Mest.EyB 491/520 | B34: 4556 | C34: 4606 | D34: 4569 | E34: 4386
A35: NOVILLOS Mest.EyB + 520 | B35: 4426 | C35: 4189 | D35: 3968 | E35: 4250 | F35: Consumo liviano | G35: Vaca Manuf | H35: Vaca Conserva
A36: TC | B36: 1413.8218 | C36: 1399.7 | D36: 1395.5 | E36: 1376 | F36: GANCHO | G36: GANCHO | H36: GANCHO
A37: 46023 | B37: =AVERAGE(B5:H9)*0.585 -> 4382.4857 | C37: =AVERAGE(I5:I9) -> 5760 | D37: =AVERAGE(J5:J9) -> 4880 | E37: =AVERAGE('MDO AGROGANADERO'!E3:E7) -> 950000 | F37: =AVERAGE('MDO AGROGANADERO'!B3:D7)*0.57 -> 4328.1932 | G37: =AVERAGE(N5:N9)*0.5 -> 2750 | H37: =AVERAGE(O5:O9)*0.46 -> 2382.8
A38: 46054 | B38: =AVERAGE(B10:H13)*0.585 -> 4690.4464 | C38: =AVERAGE(I10:I13) -> 6050 | D38: =AVERAGE(J10:J13) -> 5450 | E38: =AVERAGE('MDO AGROGANADERO'!E8:E11) -> 1137500 | F38: =AVERAGE('MDO AGROGANADERO'!B8:D11)*0.57 -> 4795.9055 | G38: =AVERAGE(N10:N13)*0.5 -> 2800 | H38: =AVERAGE(O10:O13)*0.46 -> 2461
A39: 46082 | B39: =AVERAGE(B14:H17)*0.585 -> 4759.3929 | C39: =AVERAGE(I14:I17) -> 6750 | D39: =AVERAGE(J14:J17) -> 6000 | E39: =AVERAGE('MDO AGROGANADERO'!E12:E15) -> 1137500 | F39: =AVERAGE('MDO AGROGANADERO'!B12:D15)*0.57 -> 4815.5485 | G39: =AVERAGE(N14:N17)*0.5 -> 2925 | H39: =AVERAGE(O14:O17)*0.56 -> 3206
B40: =AVERAGE('ccdh orden'!#REF!)*0.585 -> #REF! | C40: =AVERAGE('ccdh orden'!#REF!) -> #REF! | D40: =AVERAGE('ccdh orden'!#REF!) -> #REF! | E40: =AVERAGE('ccdh orden'!#REF!) -> #REF! | F40: =AVERAGE('ccdh orden'!#REF!)*0.57 -> #REF! | G40: =AVERAGE('ccdh orden'!#REF!)*0.5 -> #REF! | H40: =AVERAGE('ccdh orden'!#REF!)*0.56 -> #REF!
B41: =AVERAGE('ccdh orden'!#REF!)*0.585 -> #REF! | C41: =AVERAGE('ccdh orden'!#REF!) -> #REF! | D41: =AVERAGE('ccdh orden'!#REF!) -> #REF! | E41: =AVERAGE('ccdh orden'!#REF!) -> #REF! | F41: =AVERAGE('ccdh orden'!#REF!)*0.57 -> #REF! | G41: =AVERAGE('ccdh orden'!#REF!)*0.5 -> #REF! | H41: =AVERAGE('ccdh orden'!#REF!)*0.56 -> #REF!

Sheet MDO AGROGANADERO
F1: PIE EN PESOS | M1: PIE EN DÓLARES
B2: Novillito 391/430 (-400) gancho | C2: Novillito -300/390 (-350) gancho | D2: Vaquillona -350 (270-390)* | E2: Vaca c/cría usada (Julio) | F2: Novillito 391/430 | G2: NOVILLOS 431/460 | H2: NOVILLOS 461/490 | I2: NOVILLOS 491/520 | J2: NOVILLOS + 520 | L2: TC | M2: Novillito 391/430 | N2: NOVILLOS 431/460 | O2: NOVILLOS 461/490 | P2: NOVILLOS 491/520 | Q2: NOVILLOS + 520
A3: 46024 | B3: =4427/0.58 -> 7632.7586 | C3: =4444/0.575 -> 7728.6957 | D3: =4429/0.575 -> 7702.6087 | E3: 900000 | F3: 4427 | G3: 4258 | H3: 4390 | I3: 4011 | J3: 3933 | L3: 1469.61 | M3: =+F3/L3 -> 3.0123638 | N3: =+G3/L3 -> 2.8973673 | O3: =+H3/L3 -> 2.9871871 | P3: =+I3/L3 -> 2.7292955 | Q3: =+J3/L3 -> 2.6762202
A4: 46031 | B4: =4294/0.58 -> 7403.4483 | C4: =4457/0.575 -> 7751.3043 | D4: =4270/0.575 -> 7426.087 | E4: 900000 | F4: 4294 | G4: 4274 | H4: 4282 | I4: 4183 | J4: 4213 | L4: 1466.4689 | M4: =+F4/L4 -> 2.9281221 | N4: =+G4/L4 -> 2.9144839 | O4: =+H4/L4 -> 2.9199392 | P4: =+I4/L4 -> 2.8524301 | Q4: =+J4/L4 -> 2.8728874
A5: 46038 | B5: =4253/0.58 -> 7332.7586 | C5: =4395/0.575 -> 7643.4783 | D5: =4260/0.575 -> 7408.6957 | E5: 1000000 | F5: 4253 | G5: 4273 | H5: 4287 | I5: 4364 | J5: 3915 | L5: 1431.055 | M5: =+F5/L5 -> 2.9719333 | N5: =+G5/L5 -> 2.985909 | O5: =+H5/L5 -> 2.995692 | P5: =+I5/L5 -> 3.0494984 | Q5: =+J5/L5 -> 2.7357439
A6: 46045 | B6: =4348/0.58 -> 7496.5517 | C6: =4414/0.575 -> 7676.5217 | D6: =4307/0.575 -> 7490.4348 | E6: 1000000 | F6: 4348 | G6: 4251 | H6: 4253 | I6: 4228 | J6: 3989 | L6: 1433.1999 | M6: =+F6/L6 -> 3.0337708 | N6: =+G6/L6 -> 2.9660901 | O6: =+H6/L6 -> 2.9674856 | P6: =+I6/L6 -> 2.9500421 | Q6: =+J6/L6 -> 2.7832824
A7: 46052 | B7: =4440/0.58 -> 7655.1724 | C7: =4581/0.575 -> 7966.9565 | D7: =4361/0.575 -> 7584.3478 | E7: 950000 | F7: 4440 | G7: 4293 | H7: 4336 | I7: 4589 | J7: 4334 | L7: 1447.6657 | M7: =+F7/L7 -> 3.0670064 | N7: =+G7/L7 -> 2.9654636 | O7: =+H7/L7 -> 2.9951666 | P7: =+I7/L7 -> 3.1699307 | Q7: =+J7/L7 -> 2.9937851
A8: 46059 | B8: =4593/0.58 -> 7918.9655 | C8: =4698/0.575 -> 8170.4348 | D8: =4545/0.575 -> 7904.3478 | E8: 950000 | F8: 4593 | G8: 4388 | H8: 4491 | I8: 4530 | J8: 4246 | L8: 1430.589 | M8: =+F8/L8 -> 3.2105657 | N8: =+G8/L8 -> 3.0672681 | O8: =+H8/L8 -> 3.1392664 | P8: =+I8/L8 -> 3.1665279 | Q8: =+J8/L8 -> 2.9680083
A9: 46066 | B9: =4754/0.58 -> 8196.5517 | C9: =4696/0.575 -> 8166.9565 | D9: =4772/0.575 -> 8299.1304 | E9: 1200000 | F9: 4754 | G9: 4638 | H9: 4661 | I9: 4590 | J9: 4438 | L9: 1395.4205 | M9: =+F9/L9 -> 3.4068584 | N9: =+G9/L9 -> 3.3237293 | O9: =+H9/L9 -> 3.3402118 | P9: =+I9/L9 -> 3.2893311 | Q9: =+J9/L9 -> 3.1804033
A10: 46073 | B10: =4773/0.58 -> 8229.3103 | C10: =5089/0.575 -> 8850.4348 | D10: =4958/0.575 -> 8622.6087 | E10: 1200000 | F10: 4773 | G10: 4723 | H10: 4713 | I10: 4677 | J10: 4664 | L10: 1384.205 | M10: =+F10/L10 -> 3.4481887 | N10: =+G10/L10 -> 3.4120669 | O10: =+H10/L10 -> 3.4048425 | P10: =+I10/L10 -> 3.3788348 | Q10: =+J10/L10 -> 3.3694431
A11: 46080 | B11: =5055/0.58 -> 8715.5172 | C11: =5203/0.575 -> 9048.6957 | D11: =5085/0.575 -> 8843.4783 | E11: 1200000 | F11: 5055 | G11: 4750 | H11: 4762 | I11: 4739 | J11: 4451 | L11: 1408.9662 | M11: =+F11/L11 -> 3.5877369 | N11: =+G11/L11 -> 3.3712661 | O11: =+H11/L11 -> 3.379783 | P11: =+I11/L11 -> 3.363459 | Q11: =+J11/L11 -> 3.1590538
A12: 46087 | B12: =5159.5/0.58 -> 8895.6897 | C12: =4847.9/0.575 -> 8431.1304 | D12: =5047/0.575 -> 8777.3913 | E12: 1150000 | F12: 4848 | G12: 4670 | H12: 4683 | I12: 4556 | J12: 4426 | L12: 1413.8218 | M12: =+F12/L12 -> 3.4290036 | N12: =+G12/L12 -> 3.3031037 | O12: =+H12/L12 -> 3.3122986 | P12: =+I12/L12 -> 3.2224712 | Q12: =+J12/L12 -> 3.1305218
A13: 46094 | B13: =5012/0.58 -> 8641.3793 | C13: =4709/0.575 -> 8189.5652 | D13: =4914/0.575 -> 8546.087 | E13: 1200000 | F13: 4709 | G13: 4699 | H13: 4608 | I13: 4606 | J13: 4189 | L13: 1392.98 | M13: =+F13/L13 -> 3.3805223 | N13: =+G13/L13 -> 3.3733435 | O13: =+H13/L13 -> 3.3080159 | P13: =+I13/L13 -> 3.3065801 | Q13: =+J13/L13 -> 3.0072219
A14: 46101 | B14: =5152/0.58 -> 8882.7586 | C14: =4649/0.575 -> 8085.2174 | D14: =4798/0.575 -> 8344.3478 | E14: 1100000 | F14: 4649 | G14: 4620 | H14: 4694 | I14: 4569 | J14: 3968 | L14: 1393.44 | M14: =+F14/L14 -> 3.3363475 | N14: =+G14/L14 -> 3.3155357 | O14: =+H14/L14 -> 3.3686416 | P14: =+I14/L14 -> 3.2789356 | Q14: =+J14/L14 -> 2.8476289
A15: 46108 | B15: =4851/0.58 -> 8363.7931 | C15: =4572/0.575 -> 7951.3043 | D15: =4756/0.575 -> 8271.3043 | E15: 1100000 | F15: 4572 | G15: 4542 | H15: 4429 | I15: 4386 | J15: 4250 | L15: 1376 | M15: =+F15/L15 -> 3.3226744 | N15: =+G15/L15 -> 3.3008721 | O15: =+H15/L15 -> 3.21875 | P15: =+I15/L15 -> 3.1875 | Q15: =+J15/L15 -> 3.0886628
A16: 46115 | B16: =4539/0.58 -> 7825.8621 | C16: =4929/0.575 -> 8572.1739 | D16: =4639/0.575 -> 8067.8261 | E16: 1100000 | F16: 4539 | G16: 4399 | H16: 4335 | I16: 4280 | J16: 4078 | L16: 1387.7 | M16: =+F16/L16 -> 3.2708799 | N16: =+G16/L16 -> 3.1699935 | O16: =+H16/L16 -> 3.123874 | P16: =+I16/L16 -> 3.0842401 | Q16: =+J16/L16 -> 2.9386755
A17: 46122 | B17: =4575/0.58 -> 7887.931 | C17: =4959/0.575 -> 8624.3478 | D17: =4852/0.575 -> 8438.2609 | E17: 1000000 | F17: 4575 | G17: 4450 | H17: 4408 | I17: 4324 | J17: 4134 | L17: 1373.9 | M17: =+F17/L17 -> 3.3299367 | N17: =+G17/L17 -> 3.2389548 | O17: =+H17/L17 -> 3.2083849 | P17: =+I17/L17 -> 3.1472451 | Q17: =+J17/L17 -> 3.0089526
A18: 46129 | B18: =4560/0.58 -> 7862.069 | C18: =4889/0.575 -> 8502.6087 | D18: =4719/0.575 -> 8206.9565 | F18: 4560 | G18: 4354 | H18: 4335 | I18: 4375 | J18: 4023 | L18: 1360.03 | M18: =+F18/L18 -> 3.3528672 | N18: =+G18/L18 -> 3.2014 | O18: =+H18/L18 -> 3.1874297 | P18: =+I18/L18 -> 3.2168408 | Q18: =+J18/L18 -> 2.958023
A19: 46136 | B19: =4764/0.58 -> 8213.7931 | C19: =5008/0.575 -> 8709.5652 | D19: =4817/0.575 -> 8377.3913 | F19: 4764 | G19: 4516 | H19: 4424 | I19: 4422 | J19: 4366 | L19: 1397.21 | M19: =+F19/L19 -> 3.4096521 | N19: =+G19/L19 -> 3.2321555 | O19: =+H19/L19 -> 3.16631 | P19: =+I19/L19 -> 3.1648786 | Q19: =+J19/L19 -> 3.1247987
A20: 46143
A21: 46150
A22: 46157
A23: 46164

Sheet PROMEDIOS
B1: Novillo Exp. | C1: Ternero AA | D1: Ternera Cruza | E1: Vaca con cría | F1: Consumo liviano | G1: Vaca Manuf | H1: Vaca Conserva
A2: 46023 | B2: =AVERAGE('ccdh orden'!B5:H9)*0.585 -> 4382.4857 | C2: =AVERAGE('ccdh orden'!I5:I9) -> 5760 | D2: =AVERAGE('ccdh orden'!J5:J9) -> 4880 | E2: =AVERAGE('MDO AGROGANADERO'!E3:E7) -> 950000 | F2: =AVERAGE('MDO AGROGANADERO'!B3:D7)*0.57 -> 4328.1932 | G2: =AVERAGE('ccdh orden'!N5:N9) -> 5500 | H2: =AVERAGE('ccdh orden'!O5:O9) -> 5180
A3: 46054 | B3: =AVERAGE('ccdh orden'!B10:H13)*0.585 -> 4690.4464 | C3: =AVERAGE('ccdh orden'!I10:I13) -> 6050 | D3: =AVERAGE('ccdh orden'!J10:J13) -> 5450 | E3: =AVERAGE('MDO AGROGANADERO'!E8:E11) -> 1137500 | F3: =AVERAGE('MDO AGROGANADERO'!B8:D11)*0.57 -> 4795.9055 | G3: =AVERAGE('ccdh orden'!N10:N13) -> 5600 | H3: =AVERAGE('ccdh orden'!O10:O13) -> 5350
A4: 46082 | B4: =AVERAGE('ccdh orden'!B14:H17)*0.585 -> 4759.3929 | C4: =AVERAGE('ccdh orden'!I14:I17) -> 6750 | D4: =AVERAGE('ccdh orden'!J14:J17) -> 6000 | E4: =AVERAGE('MDO AGROGANADERO'!E12:E15) -> 1137500 | F4: =AVERAGE('MDO AGROGANADERO'!B12:D15)*0.57 -> 4815.5485 | G4: =AVERAGE('ccdh orden'!N14:N17) -> 5850 | H4: =AVERAGE('ccdh orden'!O14:O17) -> 5725
A5: 46113
A6: 46143
A7: 46174
A8: 46204
A9: 46235
A10: 46266
